{
  "criterion": "hips",
  "timestamp": "20260107_162237",
  "threshold": 0.15348254666857095,
  "model_type": "LogisticRegression",
  "uses_smote": true,
  "metrics": {
    "ROC-AUC": 0.8887375996887765,
    "PR-AUC": 0.8268430891351863,
    "F1-Score": 0.752,
    "MCC": 0.6018699549160405,
    "Log Loss": 0.4140231672852354,
    "Sensitivity": 0.8867924528301887,
    "Specificity": 0.7422680412371134,
    "Precision": 0.6527777777777778,
    "Recall": 0.8867924528301887
  },
  "training_info": {
    "train_athletes": 33,
    "test_athletes": 1,
    "train_ids": [
      1,
      2,
      3,
      4,
      5,
      6,
      7,
      8,
      9,
      10,
      11,
      12,
      13,
      14,
      15,
      16,
      17,
      18,
      19,
      20,
      21,
      23,
      24,
      25,
      26,
      27,
      28,
      29,
      30,
      31,
      32,
      33,
      34
    ],
    "test_ids": [
      22
    ]
  },
  "feature_names": [
    "hip_deviation_bottom",
    "hip_deviation_max_sag",
    "hip_deviation_max_pike",
    "hip_deviation_mean_abs",
    "torso_angle_bottom_deg",
    "torso_angle_max_deg",
    "torso_angle_min_deg",
    "torso_angle_mean_deg",
    "torso_angle_range_deg",
    "body_angle_bottom_deg",
    "body_angle_max_deg",
    "body_angle_min_deg",
    "body_angle_mean_deg",
    "body_angle_range_deg"
  ],
  "python_version": "3.12"
}